INSERT INTO TB_PROJECT(ID, NAME) VALUES (1, 'PROJECT_EVENT');
INSERT INTO TB_PROJECT(ID, NAME) VALUES (2, 'PROJECT_CONTRACT');
INSERT INTO TB_PROJECT(ID, NAME) VALUES (3, 'PROJECT_PRODUCT');

INSERT INTO TB_ROLE(ID, DESCRIPTION, AUTHORITY, ROLE_EXTERNAL_ID, PROJECT_ID) VALUES(1, 'Administrator', 'ROLE_ADMIN', '12d3e1d8-8648-4933-b514-6d684ed72fb1', 1);
INSERT INTO TB_ROLE(ID, DESCRIPTION, AUTHORITY, ROLE_EXTERNAL_ID, PROJECT_ID) VALUES(2, 'Client', 'ROLE_CLIENT', '8679f95b-b79b-4953-a2c7-4d4471b620a8', 1);

INSERT INTO TB_ROLE(ID, DESCRIPTION, AUTHORITY, ROLE_EXTERNAL_ID, PROJECT_ID) VALUES(3, 'Administrator', 'ROLE_ADMIN', '955cc766-cbbe-4bdd-9f32-5a97a3ed57a8', 2);
INSERT INTO TB_ROLE(ID, DESCRIPTION, AUTHORITY, ROLE_EXTERNAL_ID, PROJECT_ID) VALUES(4, 'Client', 'ROLE_CLIENT', '66e003e3-9b13-4fbe-92dc-b52054793233', 2);

INSERT INTO TB_ROLE(ID, DESCRIPTION, AUTHORITY, ROLE_EXTERNAL_ID, PROJECT_ID) VALUES(5, 'Administrator', 'ROLE_ADMIN', '1dec6bb3-f330-48f5-a105-ad7f4b13cd6c', 3);
INSERT INTO TB_ROLE(ID, DESCRIPTION, AUTHORITY, ROLE_EXTERNAL_ID, PROJECT_ID) VALUES(6, 'Client', 'ROLE_CLIENT', 'eb662b46-f168-4ae1-ade2-8ee4d3e941f0', 3);
INSERT INTO TB_ROLE(ID, DESCRIPTION, AUTHORITY, ROLE_EXTERNAL_ID, PROJECT_ID) VALUES(7, 'Employee', 'ROLE_EMPLOYEE', '9c3dc3dc-76f7-4ce0-8431-39f9f9a0ae80', 3);

INSERT INTO TB_USER(ID, FIRST_NAME, LAST_NAME, EMAIL, PASSWORD, USER_EXTERNAL_ID, PROJECT_ID, CREATED_AT) VALUES(1, 'Gabriel', 'Ferreira', 'gabriel@email.com', '@Ac123', '0741147d-89c7-44ef-a047-e24919758792', 1, CURRENT_TIMESTAMP);

INSERT INTO TB_USER(ID, FIRST_NAME, LAST_NAME, EMAIL, PASSWORD, USER_EXTERNAL_ID, PROJECT_ID, CREATED_AT) VALUES(2, 'Gabriel', 'Ferreira', 'gabriel@email.com', '@Ac123', 'eb6033fd-55df-4511-bf0c-948770f8c4bc', 2, CURRENT_TIMESTAMP);

INSERT INTO TB_USER(ID, FIRST_NAME, LAST_NAME, EMAIL, PASSWORD, USER_EXTERNAL_ID, PROJECT_ID, CREATED_AT) VALUES(3, 'Gabriel', 'Ferreira', 'gabriel123@email.com', '@Ac123', '714de7ab-9755-47a0-b722-c335530e726a', 3, CURRENT_TIMESTAMP);